﻿<soap:Envelope xmlns:xsi="http://www.w3.org/2001/XMLSchema-instance" xmlns:xsd="http://www.w3.org/2001/XMLSchema" xmlns:soap="http://schemas.xmlsoap.org/soap/envelope/">
  <soap:Body>
    <GetConfigurationInfoEx xmlns="http://micros-hosting.com/EGateway/">
      <configInfoRequest>
        <VendorCode />
        <EmployeeObjectNumber>90001</EmployeeObjectNumber>
        <RVCObjectNumber>101</RVCObjectNumber>
        <ConfigurationInfo>
          <SimphonyPosApi_ConfigInfo>
            <ConfigurationInfoTypeID>MENUITEMDEFINITIONS</ConfigurationInfoTypeID>
            <StartIndex>1</StartIndex>
            <MaxRecordCount>10000</MaxRecordCount>
          </SimphonyPosApi_ConfigInfo>
          <SimphonyPosApi_ConfigInfo>
            <ConfigurationInfoTypeID>MENUITEMPRICE</ConfigurationInfoTypeID>
            <StartIndex>1</StartIndex>
            <MaxRecordCount>10000</MaxRecordCount>
          </SimphonyPosApi_ConfigInfo>
          <SimphonyPosApi_ConfigInfo>
            <ConfigurationInfoTypeID>MENUITEMCLASS</ConfigurationInfoTypeID>
            <StartIndex>1</StartIndex>
            <MaxRecordCount>10000</MaxRecordCount>
          </SimphonyPosApi_ConfigInfo><SimphonyPosApi_ConfigInfo>
            <ConfigurationInfoTypeID>FAMILYGROUP</ConfigurationInfoTypeID>
            <StartIndex>1</StartIndex>
            <MaxRecordCount>10000</MaxRecordCount>
          </SimphonyPosApi_ConfigInfo>
          <SimphonyPosApi_ConfigInfo>
            <ConfigurationInfoTypeID>MAJORGROUP</ConfigurationInfoTypeID>
            <StartIndex>1</StartIndex>
            <MaxRecordCount>10000</MaxRecordCount>
          </SimphonyPosApi_ConfigInfo>
          <SimphonyPosApi_ConfigInfo>
            <ConfigurationInfoTypeID>DISCOUNTDEFINITIONS</ConfigurationInfoTypeID>
            <StartIndex>1</StartIndex>
            <MaxRecordCount>100000</MaxRecordCount>
          </SimphonyPosApi_ConfigInfo>
          <SimphonyPosApi_ConfigInfo>
            <ConfigurationInfoTypeID>TENDERMEDIA</ConfigurationInfoTypeID>
            <StartIndex>1</StartIndex>
            <MaxRecordCount>1000</MaxRecordCount>
          </SimphonyPosApi_ConfigInfo>
          <SimphonyPosApi_ConfigInfo>
            <ConfigurationInfoTypeID>MENUITEMMASTERS</ConfigurationInfoTypeID>
            <StartIndex>1</StartIndex>
            <MaxRecordCount>10000</MaxRecordCount>
          </SimphonyPosApi_ConfigInfo>
          <SimphonyPosApi_ConfigInfo>
            <ConfigurationInfoTypeID>TAX</ConfigurationInfoTypeID>
            <StartIndex>1</StartIndex>
            <MaxRecordCount>10000</MaxRecordCount>
          </SimphonyPosApi_ConfigInfo>
          <SimphonyPosApi_ConfigInfo>
            <ConfigurationInfoTypeID>SERVICECHARGE</ConfigurationInfoTypeID>
            <StartIndex>1</StartIndex>
            <MaxRecordCount>1000</MaxRecordCount>
          </SimphonyPosApi_ConfigInfo>
          <SimphonyPosApi_ConfigInfo>
            <ConfigurationInfoTypeID>REVENUECENTERS</ConfigurationInfoTypeID>
            <StartIndex>1</StartIndex>
            <MaxRecordCount>1000</MaxRecordCount>
          </SimphonyPosApi_ConfigInfo>  
          <SimphonyPosApi_ConfigInfo>
            <ConfigurationInfoTypeID>EMPLOYEES</ConfigurationInfoTypeID>
            <StartIndex>1</StartIndex>
            <MaxRecordCount>1000</MaxRecordCount>
          </SimphonyPosApi_ConfigInfo>    
           <SimphonyPosApi_ConfigInfo>
            <ConfigurationInfoTypeID>SERVINGPERIODS</ConfigurationInfoTypeID>
            <StartIndex>1</StartIndex>
            <MaxRecordCount>1000</MaxRecordCount>
          </SimphonyPosApi_ConfigInfo>       
        </ConfigurationInfo>
      </configInfoRequest>
    </GetConfigurationInfoEx>
  </soap:Body>
</soap:Envelope>